{
  "fitness": 0.6272727272727273,
  "unsup_model": "dbscan",
  "unsup_params": {
    "eps": 0.3690811165822109,
    "min_samples": 7
  },
  "sup_model": "ridge",
  "sup_params": {
    "alpha": 3.506526399999882
  },
  "features_unsup_indices": [
    5,
    8,
    12,
    13,
    14,
    18,
    19,
    20,
    26,
    30,
    31,
    32,
    37,
    39,
    40,
    41,
    47,
    53,
    54,
    55,
    57,
    58
  ],
  "features_sup_indices": [
    1,
    3,
    4,
    5,
    6,
    7,
    9,
    11,
    12,
    13,
    14,
    15,
    19,
    25,
    26,
    27,
    28,
    29,
    37,
    39,
    45,
    47,
    51,
    52,
    53,
    55,
    56,
    57
  ],
  "target": "direction_6h"
}